{
  "IsEncrypted": false,
  "Values": {
    "AzureWebJobsStorage": "UseDevelopmentStorage=true",
    "FUNCTIONS_WORKER_RUNTIME": "python",
    "COSMOS_URI": "your-cosmos-db-uri",
    "COSMOS_KEY": "your-cosmos-db-key",
    "COSMOS_DATABASE_NAME": "GreenerDB",
    "COSMOSDB_MARKETPLACE_DATABASE_NAME": "GreenerMarketplace",
    "STORAGE_ACCOUNT_MARKETPLACE_STRING": "your-storage-account-connection-string",
    "PLANTNET_API_KEY": "your-plantnet-api-key",
    "IMGUR_CLIENT_ID": "your-imgur-client-id",
    "AzureSignalRConnectionString": "your-signalr-connection-string"
  }
}